,ID_CVA,bathymetry,clip_LS,clip_MSL,clip_MSWH,clip_MTR,clip_SC,clip_geol,elevation,flooded,landcover,landforms,slope
0,2,-6.681646824,0.004627514,0.534073889,0.48999998,1.5,3.719777346,5,-2.10033536,13,80,28,0.196282908
1,2,1,0.01076347,0.534705937,0.498197854,1.5,-4.460000038,5,-2.508216381,11,80,26,0.163325369
2,2,-0.684494376,0.037256785,0.534073889,0.48999998,1.5,-3.256037712,5,-3.344843388,13,80,34,0.001045361
3,2,-0.684494376,0.037256785,0.534073889,0.48999998,1.5,-3.256037712,5,-3.344843388,13,80,34,0.001045361
4,2,-1.905222178,0.024354978,0.534073889,0.48999998,1.5,1.604085326,5,-2.83751893,12,50,24,1.575817347
5,2,-1.905222178,0.024354978,0.534073889,0.48999998,1.5,1.604085326,5,-2.83751893,12,50,24,1.575817347
6,2,-1.07332468,0.054380387,0.535599828,0.519999981,1.5,-4.679999828,5,-1.090607882,13,80,33,0.995099068
7,2,-1.07332468,0.051026464,0.535599828,0.519999981,1.5,-4.679999828,5,-1.090607882,13,80,33,0.995099068
8,2,-0.985316932,0.032826807,0.535599828,0.519999981,0,-1.954779387,9,-2.117649794,11,80,24,0.277357519
9,2,-0.520507336,0.04687107,0.535599828,0.519999981,1.5,-2.660000086,5,-2.312254429,11,80,28,0.249091923
10,2,-0.111160107,0.015631597,0.535599828,0.519999981,1.5,-18.04000092,5,-3.318240881,11,80,24,0.058390226
11,2,5,0.010431449,0.537736118,0.643137097,0,46.55276871,5,-0.590065837,2,50,24,0.552652717
12,2,5,0.010431449,0.537736118,0.643137097,0,46.55276871,5,-0.590065837,2,50,24,0.552652717
13,2,-0.73418349,0.009793664,0.537736118,0.643137097,0,-1.059999943,5,-2.679582834,5,80,33,0.260832548
14,2,-0.73418349,0.009793664,0.537736118,0.643137097,0,-1.059999943,5,-1.971632004,5,80,33,2.170190334
15,2,11,-0.030202279,0.537736118,0.643137097,0,7.79060173,5,-0.618311405,2,60,34,0.70234704
16,2,11,-0.030202279,0.537736118,0.643137097,0,7.79060173,5,-0.618311405,2,60,34,0.70234704
17,2,10,-0.008614051,0.537736118,0.643137097,0,11.72482872,5,1.64925909,0,50,24,0.315486014
18,2,11,-0.008954217,0.537736118,0.643137097,1.5,4.432590008,6,11.65054035,1,50,24,1.002857089
19,2,12,-0.052466098,0.539872408,0.71485281,1.5,0.334971517,6,5.369846344,0,50,41,0.090231322
20,2,12,-0.052466098,0.539872408,0.71485281,1.5,0.334971517,6,-0.655744076,0,50,41,2.071880579
21,2,5,0.029080333,0.542008758,0.704436481,1.5,15.10341263,10,-1.979786515,0,50,34,0.82376796
22,2,0.015270486,0.031546686,0.544450223,0.698756278,1.5,-6.846957684,6,-0.636223078,13,60,24,0.065129705
23,2,-0.164842099,0.034206834,0.544145048,0.639999986,0,153.245224,10,-3.025862932,12,80,34,0.083714299
24,2,-0.164842099,0.034206834,0.544145048,0.639999986,0,153.245224,10,-3.025862932,12,80,34,0.083714299
25,2,-0.210807055,0.004315553,0.544145048,0.639999986,0,3.39858675,5,-0.847002745,11,60,24,0.192676619
26,2,-0.210807055,0.01259964,0.544145048,0.639999986,0,3.39858675,5,-0.240581989,11,60,24,0.539628029
27,2,-0.145854354,0.00808829,0.544145048,0.639999986,1.5,-10.38000011,5,-3.214256525,13,80,24,0.001653992
28,2,-0.449644685,0.014347048,0.544145048,0.639999986,0,-5.46999979,5,-3.17784977,13,80,34,0.009698828
29,2,-0.449644685,0.014347048,0.544145048,0.639999986,0,-5.46999979,5,-3.17784977,13,80,34,0.009698828
30,2,-0.717798114,0.032420032,0.544145048,0.639999986,1.5,-4.949876308,6,-3.196122885,13,80,24,0.000201548
31,2,-0.717798114,0.032420032,0.544145048,0.639999986,1.5,-4.949876308,6,-3.196122885,13,80,24,0.000201548
32,2,-0.039730463,0.045093764,0.542313933,0.810000002,0,15.35000038,10,3.362842083,12,95,24,0.58129102
33,2,-1.751473427,0.016066214,0.542313933,0.810000002,0,3.131569624,10,-3.187965155,14,80,24,0.000150081
34,2,-0.922387481,0.046731554,0.542313933,0.810000002,1.5,-75.78916931,6,-3.17869401,13,80,26,0.000201539
35,2,-0.922387481,0.046731554,0.542313933,0.810000002,1.5,-75.78916931,6,-3.17869401,13,80,26,0.000201539
36,2,-2.50106883,0.041035835,0.541703522,0.826453269,0,-28.54000092,10,-3.173158884,14,80,24,0.360350609
37,2,-2.50106883,0.041035835,0.541703522,0.826453269,0,-28.54000092,10,-3.173158884,14,80,24,0.360350609
38,2,0.582191527,0.025917532,0.541703522,0.826453269,0,-13.62865734,10,-3.171186447,13,80,24,0.004846174
39,2,0.582191527,0.025917532,0.541703522,0.826453269,0,-13.62865734,10,-3.171186447,13,80,24,0.004846174
40,2,5,0.081654362,0.526444316,0.173431456,0,0,34,0.468667984,0,50,34,1.352934718
41,2,5,0.081654362,0.526444316,0.173431456,0,0,34,0.468667984,0,50,34,1.352934718
42,2,5,-0.001435958,0.573442817,0.698156655,0,1.419999957,5,-1.300452113,14,95,34,1.431172848
43,2,-0.054036111,-1.43E-05,0.561540604,0.638778925,1,-4.929999828,5,-2.541805267,14,80,31,0.629198909
44,2,-0.054036111,-1.43E-05,0.561540604,0.638778925,1,-4.929999828,5,-2.541805267,14,80,26,0.629198909
45,2,-0.556493163,0.002283968,0.563371658,0.64928031,0,-13.40999985,5,-2.52970314,13,80,34,0.000183296
46,2,-0.556493163,0.002283968,0.563371658,0.64928031,0,-13.40999985,5,-2.52970314,13,80,34,0.000183296
47,2,-1.18860209,0.002332596,0.555742085,0.679587364,0,-0.189999998,5,-2.609736919,13,80,28,0.001339761
48,2,-1.18860209,0.002332596,0.555742085,0.679587364,0,-0.189999998,5,-2.609736919,13,80,28,0.001339761
49,2,12,0.006769816,0.560014665,0.56512028,0,4.720108032,5,-2.376853943,1,10,34,0.894878566
50,2,6,0.020438727,0.560014665,0.56512028,0,0.269908339,5,-0.713033557,0,50,41,0.76681006
51,2,5,0.049203176,0.526444316,0.189999998,0,0,34,-1.890650272,14,95,24,0.009595854
52,2,5,0.049203176,0.526444316,0.189999998,0,0,34,-1.890650272,14,95,24,0.009595854
53,2,2,0.029289883,0.563371658,0.621114552,2,-0.100000001,34,-1.17560184,2,80,34,0.101258747
54,2,9,0.056333613,0.563371658,0.621114552,2,-4.657713413,34,-1.95580399,0,50,34,2.044988155
55,2,8,0.031185862,0.563371658,0.621114552,2,-1.211235166,34,-2.969305515,0,80,34,2.050350189
56,4,0.523326039,0.028502116,0.534073889,0.48999998,1.5,-7.920000076,10,-3.555936813,12,80,34,0.022505894
57,4,0.481091887,0.023581097,0.534073889,0.48999998,1.5,-1.30148828,5,-2.524678946,13,80,34,1.304312468
58,4,-1.366265535,0.001713024,0.535599828,0.519999981,0,-9.949999809,6,-1.649112582,13,80,33,0.57320857
59,4,-0.011461318,0.014237694,0.535599828,0.519999981,1.5,-15.56999969,5,-3.3212955,11,80,34,0.001009813
60,4,-0.011461318,0.014237694,0.535599828,0.519999981,1.5,-15.56999969,5,-3.318544865,11,80,34,0.002786285
61,4,0.460381746,-0.001702875,0.53682059,0.560000002,0,5.357664108,5,-3.307014465,10,40,41,0.247575819
62,4,0.460381746,-0.001702875,0.53682059,0.560000002,0,5.357664108,5,-3.307014465,10,40,41,0.247575819
63,4,6,0.012536683,0.53682059,0.560000002,0,9.475905418,6,-2.723011017,9,90,24,0.054787673
64,4,6,0.012536683,0.53682059,0.560000002,0,9.475905418,6,-2.723011017,9,90,24,0.054787673
65,4,5,0.023638012,0.53682059,0.560000002,0,0.706167579,5,1.487068415,13,50,24,0.521367848
66,4,1,0.022429502,0.53682059,0.560000002,1.5,-6.364258766,5,-3.294268131,12,80,24,0.379522324
67,4,1,0.030444438,0.53682059,0.560000002,1.5,-6.364258766,5,-3.294268131,12,80,24,0.379522324
68,4,0.466423243,0.006778715,0.53682059,0.560000002,1.5,-4.579999924,5,-2.428663731,14,80,24,0.702692807
69,4,0.411786616,0.004979799,0.537736118,0.643137097,0,3.395155191,5,-1.676435471,13,60,24,0.471465111
70,4,0.055574775,0.020111023,0.537736118,0.643137097,1.5,4.710000038,5,-3.276008844,11,30,25,1.277399659
71,4,7,0.006398981,0.537736118,0.643137097,0,6.200428963,5,-0.809622765,4,30,34,0.335691929
72,4,7,0.006398981,0.537736118,0.643137097,0,6.200428963,5,-0.809622765,4,30,34,0.335691929
73,4,7,0.007582712,0.537736118,0.643137097,0,6.431883812,5,5.152360916,0,50,41,1.054329157
74,4,7,0.006696012,0.537736118,0.643137097,0,6.431883812,5,5.152360916,0,50,41,1.054329157
75,4,6,0.013136781,0.539872408,0.71485281,0,-6.821917057,6,5.710841179,0,50,24,0.363428563
76,4,9,0.012577931,0.539872408,0.71485281,0,-1.472791791,6,-0.110697389,0,50,34,0.488998771
77,4,11,0.019919693,0.539872408,0.71485281,0,1.370904565,6,3.808079004,0,30,41,0.993328869
78,4,14,0.036837604,0.539872408,0.71485281,0,5.73157692,6,0.944258928,0,10,34,0.827250779
79,4,14,0.036837604,0.539872408,0.71485281,0,8.013541222,6,0.944258928,0,10,34,0.827250779
80,4,-1.112861753,0.028300913,0.539872408,0.71485281,1.5,-3.24000001,6,-2.740814209,8,60,35,0.104339875
81,4,-1.112861753,0.028300913,0.539872408,0.71485281,1.5,-3.24000001,6,-2.740814209,8,50,35,0.104339875
82,4,13,0.028748291,0.539872408,0.71485281,0,4.710994244,6,2.433129787,0,80,31,1.040666103
83,4,5,0.037376124,0.542008758,0.704436481,0,5.662540913,6,-1.382545233,0,50,31,0.669582903
84,4,11,0.033090215,0.542008758,0.704436481,0,-27.92465401,6,2.65131855,0,50,41,1.470859528
85,4,11,0.033090215,0.542008758,0.704436481,0,-27.92465401,6,8.608608246,0,50,41,0.939333677
86,4,-8.626487732,0.034547005,0.542008758,0.704436481,0,0.439999998,6,-1.940319777,0,80,25,0.313539475
87,4,14,0.035723906,0.542008758,0.704436481,0,76.63108826,5,5.889145851,0,50,41,0.88231498
88,4,10,0.026196679,0.542008758,0.704436481,1.5,2.373374462,10,0.237827778,0,50,24,0.961250782
89,4,-1.365418434,0.022435565,0.544450223,0.698756278,1.5,-4.670000076,6,-2.921411991,4,80,35,0.115350187
90,4,-0.006673068,0.007511591,0.544450223,0.698756278,0,7.940000057,6,-2.781552076,7,30,34,0.095769316
91,4,-0.006673068,0.007511591,0.544450223,0.698756278,0,7.940000057,6,-2.781552076,7,30,34,0.095769316
92,4,-0.001476988,-0.014433644,0.544450223,0.698756278,0,20.65999985,6,-2.766065598,3,50,34,0.221052811
93,4,8,0.023497557,0.544450223,0.698756278,0,-17.69000053,6,3.36249733,11,30,24,1.463061929
94,4,8,0.023497557,0.544450223,0.698756278,0,-17.69000053,6,3.36249733,11,30,24,1.463061929
95,4,7,0.009810403,0.544450223,0.698756278,0,150.197464,6,-2.707980871,10,80,24,0.115226924
96,4,10,0.01975421,0.544450223,0.698756278,1.5,-41.61445999,6,-3.207159042,12,80,35,0.340664476
97,4,10,0.01975421,0.544450223,0.698756278,1.5,-14.86133671,6,-3.207159042,12,80,35,0.340664476
98,4,0.060336411,0.014087556,0.544450223,0.698756278,1.5,-44.43873978,6,-3.215752125,13,80,34,0.002890398
99,4,0.060336411,0.014087556,0.544450223,0.698756278,1.5,-44.43873978,6,-3.215752125,13,80,34,0.002890398
100,4,0.068774775,0.033931188,0.544450223,0.698756278,1.5,-1.411879301,6,-3.223225117,13,80,34,0.006870647
101,4,-0.01520171,0.009918964,0.544145048,0.639999986,0,-26.89732552,9,-3.214024544,13,80,34,0.000147825
102,4,-0.01520171,0.009918964,0.544145048,0.639999986,0,-26.89732552,9,-3.214024544,13,80,34,0.000147825
103,4,-1.4896909,0.008603371,0.544145048,0.639999986,1.5,-34.25,5,-3.21208024,14,80,24,0.000260481
104,4,-1.581866264,0.024529971,0.542313933,0.810000002,1.5,-14.56581211,9,-3.184771299,13,80,27,0.204792932
105,4,-0.454913914,0.026791709,0.542313933,0.810000002,1.5,-12.03970909,6,-1.500922084,14,80,24,1.335032344
106,4,-0.454913914,0.026791709,0.542313933,0.810000002,1.5,-12.03970909,6,-1.500922084,14,95,24,1.335032344
107,4,0.466051579,0.036892477,0.542313933,0.810000002,1.5,-59.23289108,6,-3.176121235,13,80,34,0.000188029
108,4,0.466051579,0.036892477,0.542313933,0.810000002,1.5,-115.1900024,6,-3.176121235,13,80,34,0.000188029
109,4,-2.484690189,0.031832062,0.541703522,0.826453269,0,-79.69348907,6,-3.174146175,10,80,24,0.000188031
110,4,0.086956561,0.059236836,0.541703522,0.826453269,0,-3.544654608,10,-0.441916943,11,60,24,0.350057721
111,4,-1.005134463,0.035686448,0.541703522,0.826453269,1.5,-0.379999995,9,-3.163128138,13,80,33,0.000201542
112,4,-0.062542379,0.083030604,0.533946812,0.199635237,2,109.1627655,34,0.265363902,4,95,34,0.216852278
113,4,-0.062542379,0.083030604,0.533946812,0.199635237,2,109.1627655,34,0.265363902,4,95,34,0.216852278
114,4,8,0.073623292,0.533946812,0.199635237,0,112.4777527,34,-1.804701805,0,30,24,0.491761327
115,4,8,0.073623292,0.533946812,0.199635237,0,112.4777527,34,-1.804701805,0,30,24,0.491761327
116,4,10,0.061771326,0.533946812,0.199635237,0,114.8925095,34,6.666389465,0,50,24,0.965107977
117,4,10,0.061771326,0.533946812,0.199635237,0,114.8925095,34,6.666389465,0,50,24,0.965107977
118,4,5,0.06573566,0.533946812,0.199635237,0,146.8993378,34,3.329002857,0,50,41,1.88550961
119,4,5,0.06573566,0.533946812,0.199635237,0,146.8993378,34,3.329002857,0,50,41,1.88550961
120,4,-0.091702759,0.06281592,0.526444316,0.173431456,0,0,34,1.419897079,9,10,34,0.744386733
121,4,-0.10225746,0.055402875,0.526444316,0.173431456,0,0,34,-2.957613945,11,20,34,0.313104659
122,4,5,-0.020604342,0.563371658,0.551421344,1.5,3.272219419,5,0.313356638,8,80,34,1.418285728
123,4,9,0.015382916,0.558793902,0.551923811,1.5,1.279999971,5,1.552477837,10,80,34,1.103741765
124,4,4,-0.012013325,0.557878375,0.594948947,1.5,2.079999924,5,-2.637197733,12,80,24,0.365476042
125,4,4,-0.012013325,0.557878375,0.594948947,1.5,2.079999924,5,-2.637197733,13,80,24,0.365476042
126,4,9,-0.000912744,0.556962788,0.676790059,1.5,-3.880000114,5,5.624522209,10,80,34,0.411017209
127,4,-2.228204489,-0.009399866,0.556962788,0.676790059,0,-16.77000046,5,-2.125062466,14,80,34,0.37468186
128,4,-2.02963829,0.021987678,0.558793902,0.744737387,0,-0.239999995,5,1.928555965,0,80,24,1.638878703
129,4,-2.02963829,0.021987678,0.558793902,0.744737387,0,-0.239999995,5,1.928555965,0,80,24,1.638878703
130,4,-2.836529016,0.018552667,0.556657612,0.6820696,0,1.580000043,5,0.572252452,8,80,34,1.247650862
131,4,-2.773854733,0.027755233,0.558793902,0.702854455,0,-0.209999993,5,0.593852997,10,80,34,0.582824469
132,4,-2.773854733,0.019655932,0.558793902,0.702854455,0,-0.059999999,5,0.593852997,10,80,34,0.582824469
133,4,7,0.018969107,0.558793902,0.702854455,1,1.429999948,5,-1.263117433,1,80,24,0.901012063
134,4,7,0.018969107,0.558793902,0.702854455,1,1.429999948,5,0.005542116,1,80,24,1.014745951
135,4,-0.454073071,0.024428263,0.558793902,0.63928932,0,-6.889999866,5,-0.820151269,10,80,34,0.227676213
136,4,-0.920161963,0.038051296,0.558793902,0.63928932,1,-8.159999847,5,-2.376660824,12,80,35,0.10032656
137,4,-2.202754259,0.019028142,0.558793902,0.63928932,1,-10.75,5,-1.839572906,12,80,34,0.18175669
138,4,-3.704325199,0.028645959,0.555742085,0.673834205,1,-13.72999954,5,-1.932828188,13,80,34,0.506708682
139,4,-0.547111273,0.023054,0.555742085,0.673834205,0,0.409999996,5,-0.715765119,9,80,34,1.428684115
140,4,-0.379129291,-0.003484774,0.555742085,0.673834205,0,51.15795517,5,-2.429898024,11,80,34,1.071412206
141,4,-0.379129291,-0.003484774,0.555742085,0.673834205,0,51.15795517,5,-2.429898024,11,80,34,1.071412206
142,4,-1.227804184,0.018212812,0.544145048,0.625177681,0,-6.559999943,5,-1.991192698,13,80,34,0.330331743
143,4,-1.227804184,0.018212812,0.544145048,0.625177681,0,-6.559999943,5,-1.991192698,13,80,34,0.330331743
144,4,-1.234942079,0.015738234,0.544145048,0.625177681,0,-4.409999847,8,-2.861933708,3,80,24,0.923126876
145,4,-1.234942079,0.015738234,0.544145048,0.625177681,0,-4.409999847,8,-2.861933708,3,80,24,0.923126876
146,4,-0.295128107,0.030353416,0.541093171,0.731741071,1.5,-2.369999886,6,-0.244975179,13,80,24,0.195802763
147,4,-0.295128107,0.030353416,0.541093171,0.731741071,1.5,-2.369999886,6,-0.244975179,13,80,24,0.195802763
148,4,-1.251519084,0.007641836,0.541093171,0.731741071,1.5,1.379999995,10,-0.895167828,12,60,24,0.002861237
149,4,-1.251519084,0.007641836,0.541093171,0.731741071,1.5,1.350000024,10,-0.895167828,12,60,24,0.002861237
150,4,1,0.035474543,0.541703522,0.826453269,0,-9.630000114,5,-3.163069487,13,80,24,0.10909766
151,4,1,0.035474543,0.541703522,0.826453269,0,-9.630000114,5,-3.163069487,13,80,24,0.10909766
152,4,6,0.09852273,0.567339063,0.560710669,1.5,-0.537867546,10,-1.458110094,7,80,34,0.062437076
153,4,-0.243590683,0.096850634,0.567339063,0.560710669,0,-0.223046839,10,-2.195733309,3,80,34,0.052077737
154,4,0.074523538,-0.056749579,0.567339063,0.560710669,0,-1.00999999,10,-1.163636684,2,80,34,0.222698629
155,4,0.074523538,-0.056749579,0.567339063,0.560710669,0,-1.00999999,10,-1.163636684,2,80,34,0.222698629
156,4,7,-0.006488383,0.567339063,0.560710669,0,-0.867234945,10,-2.527873278,8,80,34,1.521816254
157,4,7,-0.006488383,0.567339063,0.560710669,0,-0.867234945,10,-2.527873278,8,60,34,1.521816254
158,4,14,0.102051787,0.567339063,0.560710669,0,-0.405783832,5,-3.233714581,0,80,31,0.173837617
159,4,14,0.102051787,0.567339063,0.560710669,0,-0.405783832,5,-3.233714581,0,80,27,0.173837617
160,4,-1.114404559,-0.028658226,0.569170177,0.61071068,1.5,-1.470000029,5,1.250107288,0,80,34,1.756105781
161,4,-1.114404559,-0.027945701,0.569170177,0.61071068,1.5,-1.470000029,5,1.250107288,0,80,34,1.756105781
162,4,8,0.065951876,0.56942302,0.613606751,0,-0.349999994,5,-1.127792716,0,80,34,1.34742558
163,4,7,0.037623234,0.56942302,0.613606751,1.5,-1.399999976,5,-2.387289286,0,80,34,1.002029538
164,4,7,0.040569272,0.56942302,0.613606751,0,2.130000114,5,-2.872193098,0,80,34,2.971839905
165,4,7,0.038198132,0.56942302,0.613606751,0,2.130000114,5,-2.872193098,0,80,34,2.971839905
166,4,8,0.037500497,0.568559825,0.664635301,0,8.027751923,20,1.558656693,0,50,34,2.896294117
167,4,5,0.02125868,0.563371658,0.646917284,0,-0.850000024,5,-0.293125808,3,80,34,0.058121264
168,4,11,0.022502763,0.563371658,0.646917284,0,-6.329999924,5,-0.49338305,9,80,34,1.594950795
169,4,11,0.022502763,0.563371658,0.646917284,0,-6.329999924,5,-0.49338305,9,60,34,1.594950795
170,4,7,0.005971516,0.563371658,0.646917284,2,-4.050172806,5,3.563784361,0,50,41,0.430207312
171,4,7,0.005971516,0.563371658,0.646917284,2,-4.050172806,5,3.563784361,0,50,41,0.430207312
172,4,9,-0.022003494,0.563371658,0.646917284,0,-0.535368145,5,-2.076516628,2,60,34,0.509886205
173,4,4,0.025152752,0.567339063,0.616553426,0,1.131295323,20,-2.486235857,2,80,35,1.494463921
174,4,7,0.02266915,0.567339063,0.616553426,0,-9.825482368,19,-4.731453896,10,80,34,1.212369204
175,4,7,0.02266915,0.567339063,0.616553426,0,-9.825482368,19,-4.731453896,10,80,34,1.212369204
176,4,8,0.021458156,0.567339063,0.616553426,0,-6.21999979,20,1.855798244,7,60,34,2.227135897
177,4,4,0.022003572,0.567339063,0.616553426,0,-3.230000019,20,-4.160708904,11,80,34,0.365921527
178,4,4,0.022003572,0.567339063,0.616553426,0,-3.230000019,20,-4.160708904,11,80,34,0.365921527
179,4,6,0.028810754,0.567339063,0.616553426,2,-0.050000001,20,0.864183187,1,80,34,1.769707441
180,4,9,0.023995854,0.567339063,0.616553426,0,-0.658568025,14,-3.674722195,0,80,34,2.089854717
181,4,9,0.023995854,0.567339063,0.616553426,0,-0.658568025,14,-3.674722195,0,80,34,2.089854717
182,4,7,0.029197995,0.572222054,0.642138362,0,1.340000033,5,-1.740199924,0,50,34,1.960042596
183,4,7,0.029197995,0.572222054,0.642138362,0,1.340000033,5,-1.740199924,0,50,34,1.960042596
184,4,0.078849874,0.030824671,0.572222054,0.642138362,0,3.505082369,5,-1.496762514,0,80,34,0.059642199
185,4,0.078849874,0.030824671,0.572222054,0.642138362,0,3.505082369,5,-1.496762514,0,80,34,0.059642199
186,4,4,0.032172568,0.572222054,0.642138362,0,6.332658291,5,-1.450024843,1,60,34,1.284108043
187,4,4,0.032172568,0.572222054,0.642138362,0,6.332658291,5,-1.450024843,1,60,34,1.284108043
188,4,14,0.031128656,0.572222054,0.642138362,2,0.360000014,5,-1.538342714,0,80,34,0.416542917
189,4,14,0.031128656,0.572222054,0.642138362,2,0.360000014,5,-1.538342714,0,80,34,0.416542917
190,4,9,0.03420838,0.572222054,0.642138362,2,8.090000153,5,-1.492699504,0,50,34,0.248500466
191,4,8,0.054945089,0.570085764,0.436044395,0,15.03999996,34,0.718579292,7,95,24,0.52712971
192,4,8,0.054945089,0.570085764,0.436044395,0,15.03999996,34,0.718579292,7,95,24,0.52712971
193,4,7,0.051391322,0.569170177,0.606152236,2,20.04333496,34,0.156863004,5,80,24,1.852012277
194,4,7,0.040722199,0.569170177,0.606152236,0,10.41174984,34,2.47548008,11,95,24,1.009593844
195,4,7,0.040722199,0.569170177,0.606152236,0,10.41174984,34,2.47548008,11,95,24,1.009593844
196,4,5,0.049130186,0.569170177,0.606152236,0,-25.41114807,34,0.237065971,11,95,34,0.857773244
197,4,5,0.049130186,0.569170177,0.606152236,0,-25.41114807,34,0.237065971,11,95,34,0.857773244
198,4,-0.023903504,0.082862034,0.562900722,0.373671353,0,-0.073039159,34,3.924994707,13,80,34,0.369448632
199,4,1,0.082239509,0.562900722,0.373671353,0,95.41999817,34,-0.913478613,13,60,24,0.500430584
200,4,1,0.082239509,0.562900722,0.373671353,0,95.41999817,34,-0.913478613,13,60,24,0.500430584
201,4,-2.653900862,-0.010316441,0.575273931,0.708284259,1.5,1.100000024,5,-3.093511105,2,60,24,0.189263389
202,4,8,0.001704693,0.575884283,0.719999969,0,0.980000019,5,-3.001227617,8,30,34,0.133954287
203,4,8,0.008163604,0.575884283,0.719999969,0,0.980000019,5,-3.001227617,8,30,34,0.133954287
204,4,-2.096107244,0.005782048,0.577562809,0.7541641,0,-1.81280148,5,-0.703556538,3,80,34,0.07389909
205,4,31,0.013348562,0.576494634,0.784164071,1.5,-1.350000024,10,1.330931067,10,80,23,7.652393818
206,4,-0.365488946,0.004924481,0.584734619,0.717989862,1.5,-9.890000343,5,1.29E-08,14,80,24,0.091724195
207,4,-2.094577312,-0.00302976,0.584734619,0.717989862,1.5,0.119999997,5,-4.52E-08,14,80,24,4.41E-08
208,4,-2.094577312,0.002205529,0.584734619,0.717989862,1.5,0.119999997,5,-4.52E-08,14,80,24,4.41E-08
209,4,-2.466202736,-0.021102451,0.586565733,0.664142072,0,0.631986141,5,-1.04E-07,13,80,24,8.20E-07
210,4,-2.586372614,-0.017983783,0.586565733,0.664142072,1.5,-12.28999996,5,1.29E-07,13,80,25,2.38E-08
211,4,-2.586372614,-0.017983783,0.586565733,0.664142072,1.5,-12.28999996,5,1.29E-07,13,80,25,2.38E-08
212,4,-2.702921867,-0.027413234,0.586565733,0.664142072,0,-43.95000076,5,-1.55E-08,13,80,24,3.54E-08
213,4,-2.702921867,-0.027413234,0.586565733,0.664142072,0,-43.95000076,5,-1.55E-08,13,80,24,3.54E-08
214,4,0.000351071,0.007320461,0.564897597,0.560862899,0,-33.5,5,0.26506114,10,80,34,0.884726167
215,4,-0.004770368,-0.031704094,0.564897597,0.560862899,1.5,-5.966794491,6,0.265378803,11,80,34,0.00098229
216,4,4,-0.015516177,0.564897597,0.560862899,0,2.380000114,5,0.23008357,11,80,34,0.000982287
217,4,4,-0.015516177,0.564897597,0.560862899,0,2.380000114,5,0.23008357,11,80,34,0.000982287
218,4,0.007928729,0.023132373,0.564897597,0.560862899,0,0.930000007,5,0.213233516,11,80,34,0.001924067
219,4,0.007928729,0.023132373,0.564897597,0.560862899,0,0.930000007,5,0.213233516,11,80,34,0.001924067
220,4,6,0.022412965,0.557267964,0.403015494,1.5,-2.946998358,5,0.239878178,13,80,24,0.546288133
221,4,6,0.022412965,0.557267964,0.403015494,1.5,-2.946998358,5,0.239878178,13,80,24,0.546288133
222,4,1,0.037687689,0.557267964,0.403015494,1.5,-9.260000229,5,-0.636061966,12,80,24,0.001002915
223,4,1,0.037687689,0.557267964,0.403015494,1.5,-9.260000229,5,-0.636061966,12,80,24,0.001002915
224,4,5,0.052093685,0.567339063,0.519836843,1.5,-7.940000057,5,-0.669849932,5,80,34,0.002298825
225,4,5,0.069982931,0.570085764,0.48999998,0,-1.22665,5,-0.772007346,4,80,34,0.238095269
226,4,11,0.046661481,0.567339063,0.519836843,0,0.181879118,13,2.925738573,4,80,34,1.984745383
227,4,9,0.012768753,0.567339063,0.519836843,1.5,-0.540000021,13,-0.256447077,2,80,31,3.771624565
228,4,3,-0.019103199,0.567949474,0.528355122,0,2.390000105,13,3.938862801,1,60,31,2.665174961
229,4,4,0.077243336,0.567949474,0.528355122,1.5,-0.369637311,5,5.869058132,0,80,34,2.185951471
230,4,-1.509009123,-0.029362787,0.562761307,0.516568542,0,-0.870000005,5,-1.040300608,11,80,34,1.993899822
231,4,-0.476980686,0.077397257,0.562761307,0.516568542,0,1.600000024,5,4.809277058,0,80,34,1.747482538
232,4,-0.476980686,0.077397257,0.562761307,0.516568542,0,1.600000024,5,4.809277058,0,80,34,1.747482538
233,4,-1.067749977,0.077636078,0.562761307,0.516568542,0,0.959999979,5,-1.135915995,1,80,34,2.734017134
234,4,6,-0.031887848,0.562761307,0.516568542,1.5,-2.200000048,5,-1.594781876,0,80,34,1.362703443
235,4,-0.038968682,0.017740889,0.564897597,0.560862899,0,8.890000343,5,0.317430317,10,80,34,0.674364805
236,4,8,-0.028020242,0.575273931,0.708284259,0,0.449999988,5,-2.708154917,4,80,24,0.195053861
237,4,8,-0.028020242,0.575273931,0.708284259,0,0.314530969,5,-2.708154917,4,80,24,0.195053861
238,4,-2.238554239,-0.024901059,0.575273931,0.708284259,0,1.879999995,5,-3.017420053,0,80,24,0.918864369
239,4,-2.238554239,-0.02744399,0.575273931,0.708284259,0,1.315943837,5,-3.017420053,0,60,24,0.918864369
240,4,7,0.016399855,0.576494634,0.784164071,0,-0.100000001,5,-1.367072582,6,80,34,1.239045143
241,4,8,0.023750398,0.5789361,0.752786398,1.5,2.049999952,10,-0.867344618,5,30,31,0.05316053
242,4,8,0.043316048,0.580767214,0.745563507,0,1.559999943,10,-1.038354516,10,80,31,1.613372087
243,4,-0.763102889,0.006470666,0.580767214,0.745563507,0,1.480000019,5,-2.39E-08,10,80,34,2.12E-08
244,4,-0.763102889,0.006470666,0.580767214,0.745563507,0,1.480000019,5,-2.39E-08,10,80,34,2.12E-08
245,4,-0.501877904,0.031828854,0.582293153,0.733991861,0,0.116073661,5,0.005143119,1,20,34,0.305341065
246,4,-0.501877904,0.031828854,0.582293153,0.733991861,0,0.116073661,5,0.005143119,1,40,34,0.305341065
247,4,-0.270047128,0.023309983,0.583513916,0.805857837,0,-2.710000038,5,-2.46E-08,13,80,34,6.31E-09
248,4,8,0.024546763,0.583513916,0.805857837,0,9.245362282,5,2.315917253,7,95,24,0.689413369
249,4,8,0.024546763,0.583513916,0.805857837,0,9.245362282,5,2.315917253,7,95,24,0.689413369
250,4,0.024630502,-0.000610459,0.584734619,0.717989862,0,6.974362373,5,0.379999995,15,80,24,0.125432253
251,4,0.024630502,-0.000610459,0.584734619,0.717989862,0,6.974362373,5,0.379999995,15,80,24,0.125432253
252,4,0.601017654,0.01183532,0.592974663,0.620389879,0,-101.8399963,5,2.39E-08,13,80,24,2.56E-08
253,4,8,0.014700283,0.557267964,0.403015494,0,0.036829319,5,-0.222266048,13,80,24,0.299457937
254,4,1,0.033396885,0.562456131,0.439899027,0,0.970000029,5,-0.732883871,11,80,34,0.195923403
255,4,3,0.073998637,0.567949474,0.528355122,1.5,-1.360288262,5,6.389836311,1,60,34,1.39026618
256,4,12,0.078198113,0.567949474,0.528355122,0,-1.74000001,5,2.96430397,1,80,34,1.359135866
257,4,12,0.078198113,0.567949474,0.528355122,0,-1.74000001,5,2.96430397,1,80,34,1.359135866
258,4,16,0.081510022,0.567949474,0.528355122,0,-0.100000001,5,3.678734541,2,80,24,0.776052177
259,4,16,0.081510022,0.567949474,0.528355122,0,-0.100000001,5,3.678734541,2,80,24,0.776052177
260,4,7,0.008428961,0.582293153,0.733991861,1.5,5.828382492,5,-7.14E-08,1,40,34,0.26408717
261,4,9,0.000908109,0.582293153,0.733991861,0,0.234228656,5,-4.83E-08,0,40,34,8.99E-09
262,4,9,0.000908109,0.582293153,0.733991861,0,0.234228656,5,-4.83E-08,0,40,34,8.99E-09
263,4,-2.618551731,-0.003076287,0.582293153,0.733991861,0,-1.529999971,5,-3.38E-08,3,80,34,0.047867391
264,4,-2.618551731,-0.003076287,0.582293153,0.733991861,0,-1.529999971,5,-3.38E-08,1,80,34,0.047867391
265,3,10,0.026013644,0.532242775,0.459999979,1.5,13.23999977,5,0.442794979,14,30,34,0.513233662
266,3,5,0.028651888,0.532242775,0.459999979,0,-0.370000005,5,-3.241796732,13,80,24,0.216367915
267,3,-7.348185062,0.019829841,0.532242775,0.459999979,1.5,-5.96999979,5,-2.985107183,13,80,30,0.440598786
268,3,-9.110060692,0.00888393,0.532242775,0.459999979,0,-7.940000057,5,-1.113057852,12,80,34,0.486529529
269,3,-1.512265086,0.01464636,0.532242775,0.459999979,0,-4.214105606,5,-2.987977505,13,80,31,0.110371351
270,3,-1.035916567,0.01736035,0.532242775,0.459999979,0,-8.109999657,5,0.014318705,13,80,34,1.428859234
271,3,-1.035916567,0.01736035,0.532242775,0.459999979,0,-8.109999657,5,0.014318705,13,80,34,1.428859234
272,3,-1.110059142,0.013361501,0.532242775,0.459999979,0,-14.22000027,5,-3.062906265,13,80,34,0.158165753
273,3,-1.110059142,0.013361501,0.532242775,0.459999979,0,-14.22000027,5,-3.062906265,13,80,34,0.158165753
274,3,-0.212939471,0.032400023,0.534073889,0.48999998,0,-11.77000046,5,-2.989306927,11,80,34,0.080235228
275,3,-0.212939471,0.032400023,0.534073889,0.48999998,0,-11.77000046,5,-2.989306927,11,80,34,0.080235228
276,3,0.161950558,0.035889316,0.534073889,0.48999998,0,-13.01000023,5,-3.30350709,13,80,34,0.01704647
277,3,0.161950558,0.035889316,0.534073889,0.48999998,0,-13.01000023,5,-3.30350709,13,80,34,0.01704647
278,3,-1.007043123,0.019488035,0.535599828,0.519999981,0,-15.46000004,5,-3.355293751,12,80,34,0.020163065
279,3,-1.007043123,0.019488035,0.535599828,0.519999981,0,-15.46000004,5,-3.355293751,12,80,34,0.020163065
280,3,10,0.004004776,0.535599828,0.519999981,0,-12.13000011,5,-1.64479804,14,80,24,0.727972746
281,3,10,0.004004776,0.535599828,0.519999981,0,-12.13000011,5,-1.64479804,14,80,24,0.727972746
282,3,-0.769106507,-0.001374741,0.53682059,0.560000002,0,13.01489639,5,-3.299844503,13,80,24,0.004612258
283,3,-0.769106507,-0.001374741,0.53682059,0.560000002,0,13.01489639,5,-3.299844503,13,80,24,0.004612258
284,3,-0.018324122,0.029933367,0.53682059,0.560000002,0,26.5309906,5,-3.305916548,14,80,41,0.000181719
285,3,-0.018324122,0.029933367,0.53682059,0.560000002,0,26.5309906,5,-3.305916548,14,80,41,0.000181719
286,3,3,0.008155151,0.53682059,0.560000002,0,28.77334213,9,-2.298939466,14,60,24,0.002824521
287,3,-0.847152531,0.02242448,0.53682059,0.560000002,1.5,-4.980000019,5,-3.248503685,13,80,24,0.609361887
288,3,-3.150798321,0.018310348,0.537736118,0.643137097,1.5,0.460000008,6,-2.76646018,4,80,26,0.079885952
289,3,5,0.02146264,0.537736118,0.643137097,0,-18.26835632,6,-2.338304758,0,50,24,1.101594567
290,3,5,0.017352151,0.537736118,0.643137097,0,-18.26835632,6,-2.338304758,0,50,24,1.101594567
291,3,10,0.039059836,0.539872408,0.71485281,0,3.386302471,6,-0.516093731,0,50,24,0.804685652
292,3,10,0.039059836,0.539872408,0.71485281,0,3.386302471,6,-0.516093731,0,50,24,0.804685652
293,3,-0.817789853,0.035645995,0.539872408,0.71485281,0,1.730000019,6,-2.712851286,3,80,25,0.184186161
294,3,-0.817789853,0.035686027,0.539872408,0.71485281,0,1.730000019,6,-2.712851286,3,80,25,0.184186161
295,3,6,0.015633849,0.542008758,0.704436481,0,29.47171211,6,7.555956364,0,10,24,0.289490342
296,3,6,0.015633849,0.542008758,0.704436481,0,29.47171211,6,7.555956364,0,10,24,0.289490342
297,3,-0.050406933,0.014266795,0.544450223,0.698756278,0,170.3000031,6,-2.856940985,5,30,39,0.826123953
298,3,-0.004441649,0.032881681,0.544450223,0.698756278,1.5,32.61310959,6,-1.768445373,2,80,24,0.195215002
299,3,-0.004441649,0.032881681,0.544450223,0.698756278,1.5,-17.69000053,6,-1.768445373,2,80,24,0.195215002
300,3,1,0.04534176,0.544450223,0.698756278,1.5,115.7917252,6,-3.221111774,13,80,24,0.002437589
301,3,0.013129026,0.035796255,0.544450223,0.698756278,0,-46.23558807,7,-2.552113771,13,80,24,0.223586127
302,3,0.013129026,0.035796255,0.544450223,0.698756278,0,-46.23558807,7,-2.552113771,13,80,24,0.223586127
303,3,0.395890713,0.020208884,0.544145048,0.639999986,0,-10.05500031,5,-3.202800274,12,80,24,0.48661378
304,3,0.395890713,0.020208884,0.544145048,0.639999986,0,-10.05500031,5,-3.202800274,12,80,24,0.48661378
305,3,-2.457087755,0.011204886,0.544145048,0.639999986,1.5,-19.65999985,5,-3.207330465,13,80,24,0.000868045
306,3,-2.457087755,0.011204886,0.544145048,0.639999986,1.5,-19.65999985,5,-3.207330465,13,80,24,0.000868045
307,3,-0.315071166,0.021757705,0.541703522,0.826453269,0,-17.48522949,5,-1.060539961,11,80,24,1.23780489
308,3,8,0.054167517,0.533946812,0.199635237,0,106.5423508,34,-0.359627813,12,80,34,0.297290802
309,3,7,0.066198364,0.533946812,0.199635237,0,105.0380402,34,4.041245937,0,50,24,2.902893782
310,3,7,0.066198364,0.533946812,0.199635237,0,105.0380402,34,4.041245937,0,50,24,2.902893782
311,3,8,0.070685379,0.533946812,0.199635237,0,47.07037735,34,4.547351837,0,50,24,1.289234996
312,3,11,0.076084875,0.525223553,0.152966842,0,48.41317749,34,2.244096994,0,10,24,0.496120512
313,3,11,0.076084875,0.525223553,0.152966842,0,51.06400681,34,2.244096994,0,50,24,0.496120512
314,3,13,0.067113139,0.525223553,0.152966842,0,5.427121162,34,0.446785688,0,50,24,1.454671979
315,3,13,0.067113139,0.525223553,0.152966842,0,5.427121162,34,0.446785688,0,50,24,1.454671979
316,3,10,0.073837981,0.536953092,0.109999999,0,80.90000153,34,8.013226509,0,50,21,1.743350148
317,3,10,0.07280869,0.536953092,0.109999999,0,80.90000153,34,8.013226509,0,50,21,1.743350148
318,3,-0.178549439,0.061807513,0.536953092,0.109999999,0,-0.273710668,34,-1.869455695,15,80,24,0.106967755
319,3,-0.15086031,0.061807513,0.536953092,0.109999999,0,-0.273710668,34,-1.869455695,15,80,24,0.106967755
320,3,6,0.061221559,0.536953092,0.109999999,0,-9.176558495,34,-1.987332821,15,80,24,0.374148726
321,3,6,0.061221559,0.536953092,0.109999999,0,-9.176558495,34,-1.987332821,10,80,24,0.374148726
322,3,10,0.078884497,0.526444316,0.173431456,0,0,34,4.492982864,1,10,24,0.260192633
323,3,10,0.078884497,0.526444316,0.173431456,0,0,34,4.492982864,1,10,24,0.260192633
324,3,7,0.055503674,0.525833905,0.200305596,2,0,33,-2.845734596,11,95,34,0.890708864
325,3,4,0.036641344,0.525833905,0.200305596,0,0,34,-2.943749905,5,95,24,1.990745425
326,3,4,0.047523685,0.525833905,0.200305596,0,0,34,-2.943749905,5,95,24,1.990745425
327,3,10,0.063848339,0.525833905,0.200305596,0,0,34,-2.870107174,12,95,24,0.94881314
328,3,7,0.003586091,0.563371658,0.551421344,0,33.76720047,5,-2.709668159,10,30,34,0.361855984
329,3,7,0.003586091,0.563371658,0.551421344,0,33.76720047,5,-2.709668159,10,60,34,0.361855984
330,3,4,-0.011233905,0.560319841,0.694201112,0,-0.816128612,5,6.952239037,13,80,24,2.336737156
331,3,4,-0.011233905,0.560319841,0.694201112,0,-0.816128612,5,6.952239037,13,80,24,2.336737156
332,3,-2.104538679,0.006622681,0.560319841,0.694201112,0,-7.599999905,5,-2.556997299,13,80,24,0.000570603
333,3,7,0.012301971,0.555742085,0.673834205,1,-5.679999828,5,-2.424182892,13,80,34,0.646957934
334,3,7,0.012301971,0.555742085,0.673834205,1,-5.679999828,5,-2.424182892,13,80,34,0.646957934
335,3,-2.812725306,0.005867956,0.55757314,0.548284233,1,-10.40999985,5,-2.306811333,14,80,27,0.238987431
336,3,7,0.007566369,0.55757314,0.548284233,1,-28.37999916,5,-3.066720486,14,80,34,0.359950304
337,3,5,0.081406251,0.563371658,0.646917284,0,3.119999886,5,3.117540836,1,80,35,2.002528667
338,3,5,0.081406251,0.563371658,0.646917284,0,3.119999886,5,3.117540836,1,80,35,2.002528667
339,3,8,0.096193999,0.563371658,0.646917284,0,45.04000092,5,-0.878775418,5,80,34,1.424597859
340,3,9,0.03420838,0.572222054,0.642138362,2,8.090000153,5,-1.492699504,0,50,34,0.248500466
341,3,4,0.007217957,0.563371658,0.621114552,0,3.613984346,5,-1.260785937,0,30,34,0.221281603
342,3,-3.004475832,0.024725208,0.563371658,0.621114552,0,-0.241955787,5,-2.422878027,4,80,34,2.262933731
343,3,-3.004475832,0.028221469,0.563371658,0.621114552,0,-0.241955787,5,-2.422878027,4,80,34,2.262933731
344,3,-0.780171096,-0.012843371,0.586565733,0.664142072,0,5.019999981,5,-8.48E-08,13,80,24,0.306043297
345,3,-0.780171096,0.004141065,0.586565733,0.664142072,0,5.019999981,5,-8.48E-08,13,80,24,0.306043297
346,3,-0.314641297,-0.018509783,0.589007258,0.653431416,0,40.04616928,5,0.366031438,7,60,34,0.03239809
347,3,-0.205156803,0.013837993,0.559404254,0.536577225,1.5,-6.929999828,5,2.13065815,11,80,34,0.184073851
348,3,-0.205156803,0.013837993,0.559404254,0.536577225,1.5,-5.900000095,5,2.13065815,11,80,34,0.184073851
349,3,-0.209280998,0.024883956,0.550248742,0.460943341,0,0.109999999,5,7.836987972,3,50,24,0.819693863
350,3,4,0.024883956,0.550248742,0.460943341,0,0.109999999,5,7.836987972,3,50,24,0.819693863
351,3,-0.014894724,-0.000310276,0.550248742,0.460943341,1.5,-1.662931919,5,0.021063151,10,40,34,0.690054893
352,3,-0.014894724,-0.000310276,0.550248742,0.460943341,1.5,-1.662931919,5,0.021063151,10,40,34,0.690054893
353,3,12,-0.005654483,0.550248742,0.460943341,0,0.862386346,5,-0.039057549,10,60,34,0.012232571
354,3,12,-0.005654483,0.550248742,0.460943341,0,0.862386346,5,-0.039057549,10,60,34,0.012232571
355,3,4,0.039739612,0.562456131,0.439899027,1.5,8.504227638,5,0.443763793,9,80,34,0.768597782
356,3,4,0.039739612,0.562456131,0.439899027,1.5,8.504227638,5,0.443763793,11,80,34,0.768597782
357,3,-0.047484666,0.056812469,0.565813184,0.459325105,0,1.529999971,5,-0.775710642,5,80,34,1.515611172
358,3,6,0.054769423,0.565813184,0.459325105,0,-0.174186215,5,-0.976516485,0,40,34,0.26010102
359,3,6,0.054769423,0.565813184,0.459325105,0,-0.174186215,5,-0.976516485,0,40,34,0.26010102
360,3,5,0.018869329,0.565813184,0.459325105,1.5,-4.779623508,5,6.2235322,8,80,35,1.896212578
361,3,0.032122403,0.027848698,0.567644298,0.483099848,1.5,-1.737048745,5,1.512798071,0,60,34,1.330490828
362,3,-0.143549651,-0.053907622,0.589007258,0.653431416,1.5,-2.5,5,-1.34E-07,4,80,34,0.129362673
363,3,9,0.033417895,0.58961761,0.599123776,0,1.769999981,6,-0.27346468,0,80,34,0.12509805
364,3,0.007864475,0.016940661,0.58961761,0.599123776,1,9.630000114,5,-0.128717497,4,60,34,0.573499322
365,3,5,0.016940661,0.58961761,0.599123776,1,8.098320961,5,-0.128717497,4,60,34,0.573499322
366,3,8,0.024936879,0.58961761,0.599123776,0,4.028570652,6,-0.017975369,2,50,34,0.085043252
367,3,0.021777689,0.024301359,0.585039854,0.579999983,0,-1.749745607,5,0.068957917,4,40,34,0.007163887
368,3,-0.008580625,0.014734963,0.585039854,0.579999983,1,1.350720525,6,-0.087275922,6,80,34,0.416798532
369,3,0.018133201,0.030074267,0.567949474,0.62058413,0,-0.036165651,5,0.254458547,4,80,34,0.042313885
370,3,-0.012654901,-0.030100847,0.550248742,0.460943341,0,5.760442257,5,-0.146024764,13,80,34,0.131150484
371,3,-0.012654901,-0.030100847,0.550248742,0.460943341,0,5.760442257,5,-0.146024764,13,80,34,0.131150484
372,3,-0.004527263,-0.003749227,0.553605735,0.445985883,0,1.388940334,5,3.311266422,11,80,34,0.991859138
373,3,5,0.016388601,0.553605735,0.445985883,0,0.118104897,5,-0.381334633,12,90,34,0.002316332
374,3,5,0.016388601,0.553605735,0.445985883,0,0.118104897,5,-0.381334633,12,90,34,0.002316332
375,3,8,0.033210393,0.553605735,0.445985883,0,0.579999983,5,0.265367717,11,80,24,0.225054592
376,3,8,0.033210393,0.553605735,0.445985883,0,0.579999983,5,0.265367717,11,80,24,0.225054592
377,3,5,0.027382642,0.557267964,0.403015494,0,9.883844376,5,3.150858879,10,80,24,0.943131208
378,1,-0.034197539,0.00037454,0.537736118,0.643137097,0,64.17340088,5,-3.272962332,10,80,42,1.029528618
379,1,9,0.02797585,0.537736118,0.643137097,0,100.4477844,5,1.1435256,1,95,34,0.934223473
380,1,9,0.02797585,0.537736118,0.643137097,0,100.4477844,5,1.1435256,1,95,34,0.934223473
381,1,-0.015623093,0.021453733,0.544145048,0.639999986,1.5,-13.3886776,9,-3.212082386,13,80,34,0.000506484
382,1,-0.015623093,0.021453733,0.544145048,0.639999986,1.5,-13.3886776,9,-3.212082386,13,80,34,0.000506484
383,1,0.042900011,0.017074754,0.544145048,0.639999986,1.5,42.0490799,10,-3.100851297,10,80,28,0.048371825
384,1,-0.303278744,0.022897258,0.544145048,0.639999986,1.5,-0.941870928,6,-2.823000669,13,80,24,0.147964224
385,1,-1.354091406,0.015440007,0.544145048,0.639999986,1.5,-0.8247087,6,-3.196510315,13,80,24,0.002892826
386,1,-0.132605895,0.050015267,0.542313933,0.810000002,0,7.949999809,8,-3.189805269,14,95,34,0.208203018
387,1,0.025086701,0.02939952,0.542313933,0.810000002,0,8.096999168,10,-3.094837666,10,80,24,1.85408628
388,1,6,0.038790785,0.542313933,0.810000002,1.5,20.9032135,10,-1.746141195,13,95,24,1.506342173
389,1,11,0.070531175,0.525223553,0.152966842,0,16.77617264,34,7.00657177,0,50,41,1.140370846
390,1,9,0.070365585,0.525223553,0.152966842,0,30.53703499,34,3.700507402,0,50,24,0.581167579
391,1,9,0.070365585,0.525223553,0.152966842,0,30.53703499,34,3.700507402,0,50,24,0.581167579
392,1,8,0.068706945,0.536953092,0.109999999,0,34.82337952,34,-0.57883215,0,50,24,1.154928088
393,1,9,0.070085138,0.536953092,0.109999999,0,38.51655579,34,12.17381287,0,30,24,0.843767464
394,1,9,0.070085138,0.536953092,0.109999999,0,38.51655579,34,12.17381287,0,30,24,0.843767464
395,1,6,0.05385755,0.536953092,0.109999999,0,5.250919342,34,-0.294997931,13,80,41,0.774610102
396,1,6,0.038472138,0.536953092,0.109999999,0,5.250919342,34,-0.294997931,13,80,41,0.774610102
397,1,6,0.072513133,0.525223553,0.152966842,0,-20.16544151,34,2.732874393,0,50,24,0.639101624
398,1,6,0.072513133,0.525223553,0.152966842,0,-20.16544151,34,2.732874393,0,50,24,0.639101624
399,1,6,0.071755767,0.525223553,0.152966842,0,-32.043293,34,-0.825475097,1,60,24,0.249772415
400,1,6,0.071755767,0.525223553,0.152966842,0,-32.043293,34,-0.825475097,1,50,24,0.249772415
401,1,12,0.073404841,0.525223553,0.152966842,0,-60.0980072,34,0.261574984,0,50,41,0.520741165
402,1,12,0.073404841,0.525223553,0.152966842,0,-60.0980072,34,0.261574984,0,50,41,0.520741165
403,1,9,0.071096942,0.525223553,0.152966842,0,-42.38406754,34,-0.558269739,4,50,34,0.117740832
404,1,17,0.077409983,0.526444316,0.173431456,2,-10.43790627,34,4.162640572,0,10,24,0.542978585
405,1,-0.028246164,0.079308435,0.526444316,0.173431456,0,0,34,1.252445459,1,30,41,1.022258997
406,1,-0.028246164,0.079308435,0.526444316,0.173431456,0,0,34,1.252445459,1,30,41,1.022258997
407,1,-0.11594227,0.04748198,0.526444316,0.173431456,0,0,33,-2.964319944,12,95,34,0.447947085
408,1,-0.11594227,0.04748198,0.526444316,0.173431456,0,0,33,-2.964319944,12,95,34,0.447947085
409,1,6,0.058694422,0.525833905,0.200305596,2,0,34,10.14057922,8,95,24,2.988832474
410,1,6,0.058694422,0.525833905,0.200305596,2,0,34,10.14057922,8,95,24,2.988832474
411,1,-1.641802788,0.045360625,0.543500066,0.905232191,0,1.769999981,5,-3.376909256,11,50,24,1.925391674
412,1,-1.641802788,0.045360625,0.543500066,0.905232191,0,1.769999981,5,-3.376909256,11,50,24,1.925391674
413,1,-0.727070034,0.053443249,0.543500066,0.905232191,0,2.950000048,10,-2.070538521,13,80,24,0.254857302
414,1,-0.727070034,0.053443249,0.543500066,0.905232191,0,2.950000048,10,-2.070538521,13,80,24,0.254857302
415,1,-0.08565861,0.011292414,0.54289794,0.768168211,1.5,5.420000076,5,-0.79398936,12,80,24,0.428157508
416,1,1,0.023942942,0.544145048,0.625177681,1.5,12.6919899,5,-3.008188248,11,80,24,0.046671458
417,1,1,0.023942942,0.544145048,0.625177681,1.5,12.6919899,5,-3.008188248,11,80,24,0.046671458
418,1,-1.371964574,-0.000855289,0.546891689,0.719289303,1,-6.900000095,5,-2.036525488,12,80,24,0.361658126
419,1,-1.371964574,-0.000855289,0.546891689,0.719289303,1,-9.149999619,5,-2.036525488,12,80,24,0.361658126
420,1,4,0.013974407,0.550859094,0.764852822,0,19.14286804,5,-3.094964266,13,80,24,0.000680332
421,1,4,0.013974407,0.550859094,0.764852822,0,18.84329224,5,-3.094964266,13,80,24,0.000680332
422,1,-0.485660493,0.008135712,0.55330056,0.667383611,0,7.500003815,5,-0.945014238,8,90,34,0.851723731
423,1,11,0.028280949,0.553605735,0.647695482,1,32.98970795,5,-0.950961351,11,60,24,0.067677878
424,1,11,0.033720013,0.553605735,0.647695482,0,32.98970795,5,-0.950961351,11,60,24,0.067677878
425,1,9,0.007602033,0.553605735,0.647695482,0,43.44237137,5,-0.258332968,9,30,24,0.541329741
426,1,9,0.007602033,0.553605735,0.647695482,0,43.44237137,5,-0.258332968,9,30,24,0.541329741
427,1,-0.233867452,0.002533834,0.550859094,0.764852822,0,9.300000191,5,-0.872932434,9,80,34,1.73297143
428,1,-0.233867452,0.002533834,0.550859094,0.764852822,0,9.300000191,5,-0.872932434,9,80,34,1.73297143
429,1,-0.456810057,0.000370856,0.55757314,0.548284233,0,-10.53999996,5,-3.076893568,15,80,24,0.326754183
430,1,-0.456810057,0.000370856,0.55757314,0.548284233,0,-10.53999996,5,-3.076893568,15,95,24,0.326754183
431,1,-3.584986687,-0.005584585,0.556657612,0.560000002,1,-14.23999977,5,-2.405825377,14,80,27,0.000740568
432,1,18,-0.015220364,0.556199849,0.618837357,1,111.3621368,5,-0.246654987,7,95,24,1.679164171
433,1,18,-0.015220364,0.556199849,0.618837357,1,111.3621368,5,-0.246654987,7,95,24,1.679164171
434,1,-0.248927951,-0.002935397,0.560319841,0.622084141,1,-1.279999971,5,-1.416509032,14,80,34,0.162123203
435,1,-0.248927951,-0.002935397,0.560319841,0.622084141,1,-1.279999971,5,-1.416509032,14,80,34,0.162123203
436,1,5,-0.011335179,0.563371658,0.64928031,1,-11.57999992,5,-2.40324378,14,80,34,0.424512357
437,1,0.00426814,-0.01300318,0.561540604,0.638778925,1,127.869339,5,-2.542644739,15,80,24,0.12861006
438,1,9,-0.025735563,0.561540604,0.638778925,0,83.32057953,5,1.019352436,14,80,24,0.486922592
439,1,6,0.016998684,0.558793902,0.682287395,0,43.20000076,5,3.176532269,13,60,24,0.24980855
440,1,0.069946915,-0.015670002,0.563371658,0.551421344,0,-0.600000024,5,-1.038030028,12,80,34,0.533658385
441,1,0.069946915,-0.015670002,0.563371658,0.551421344,0,-0.600000024,5,-1.038030028,12,80,34,0.533658385
442,1,6,-0.015358109,0.567033887,0.557279229,0,-0.579999983,5,-2.763236761,4,40,34,0.942723095
443,1,6,-0.015358109,0.567033887,0.557279229,0,-0.579999983,5,-2.763236761,4,60,34,0.942723095
444,5,3,0.017743994,0.538346529,0.610000014,1.5,-7.960000038,5,-3.293857813,13,80,24,1.252256393
445,5,7,-0.002269588,0.537736118,0.643137097,0,14.37214661,5,0.826267242,0,50,24,0.543590009
446,5,7,-0.002269588,0.537736118,0.643137097,0,14.37214661,5,0.826267242,0,50,24,0.543590009
447,5,8,0.031327303,0.539872408,0.71485281,0,2.346347094,6,-0.675561786,0,80,41,0.238407657
448,5,8,0.031327303,0.539872408,0.71485281,0,2.346347094,6,-0.675561786,0,80,41,0.238407657
449,5,6,0.028557854,0.542008758,0.704436481,0,44.39900208,6,0.906781673,0,50,42,1.520704627
450,5,-10.32795525,0.034784932,0.542008758,0.704436481,0,67.10793304,8,0.352567196,0,80,28,1.346762061
451,5,-0.214826524,0.034784932,0.542008758,0.704436481,0,67.10793304,8,0.352567196,0,80,28,1.346762061
452,5,-0.102648452,0.032463904,0.544450223,0.698756278,1.5,9.720000267,6,-1.857915878,11,80,24,0.738230228
453,5,-1.305985451,0.030865299,0.542313933,0.810000002,0,-83.66446686,6,-3.175452948,13,80,24,0.00020154
454,5,-0.355346441,0.071215183,0.541703522,0.826453269,0,-13.11191463,10,-3.1728158,13,60,24,0.000150141
455,5,14,0.030717658,0.541703522,0.826453269,1.5,-10.37741184,5,-0.179108143,13,60,24,0.238095447
456,5,5,0.084201582,0.552589536,0.200282544,2,22.87435341,34,2.447169542,0,30,34,1.599207163
457,5,5,0.082611203,0.552589536,0.200282544,2,-20.32343864,34,4.626960754,0,50,34,0.867446661
458,5,5,0.082611203,0.552589536,0.200282544,2,-20.32343864,34,4.626960754,0,50,34,0.867446661
459,5,8,0.079456531,0.552589536,0.200282544,2,86.86721039,34,5.521477699,4,60,34,1.55845964
460,5,8,0.04786953,0.552589536,0.200282544,2,98.2629776,34,-1.964848042,7,80,34,0.319367141
461,5,6,0.068197511,0.525223553,0.152966842,0,-41.91897202,34,-1.321648359,2,40,24,0.481749326
462,5,0.159383923,0.069158614,0.525833905,0.200305596,0,0,34,-2.933592796,7,95,31,1.395537257
463,5,-0.319899231,-0.016760582,0.567033887,0.557279229,1.5,7.389999866,5,-2.786513805,13,80,34,0.00034147
464,5,-0.030591846,-0.042241655,0.567033887,0.557279229,1.5,6.530807495,5,-2.743841887,14,80,24,0.218629465
465,5,-0.016096935,-0.020955112,0.569170177,0.519999981,0,11.73999977,5,-2.801691055,14,80,34,0.100885622
466,5,-0.016096935,-0.020955112,0.569170177,0.519999981,0,11.73999977,5,-2.801691055,14,80,34,0.100885622
467,5,-0.00119251,-0.01777791,0.558793902,0.682287395,1,-49.22000122,5,-2.594825268,14,80,34,0.000179337
468,5,-0.043883294,0.003377779,0.569170177,0.519999981,0,-49.95307541,5,-2.797769785,15,80,33,0.000242501
469,5,5,0.036894701,0.56942302,0.613606751,0,4.342245579,5,-1.848691225,0,80,34,0.118382052
470,5,11,0.017646357,0.566715539,0.632639229,0,2.599999905,5,-1.100887656,0,80,38,0.092401341
471,5,11,0.017646357,0.566715539,0.632639229,0,2.599999905,5,-1.100887656,0,80,38,0.092401341
472,5,10,0.028006924,0.569780588,0.666498423,1.5,10.10999966,5,-1.140389562,2,60,34,0.591861963
473,5,10,0.028006924,0.569780588,0.666498423,1.5,10.10999966,5,-1.140389562,2,60,34,0.591861963
474,5,8,0.034468558,0.569780588,0.666498423,1.5,-0.340000004,5,-1.148841977,4,60,34,0.037427157
475,5,-0.347314566,0.096734501,0.569780588,0.666498423,1.5,0.648871481,20,-0.178823829,2,60,34,0.242096767
476,5,-0.347314566,0.096734501,0.569780588,0.666498423,1.5,0.648871481,20,-0.178823829,2,60,34,0.242096767
477,5,7,0.043281972,0.569780588,0.666498423,0,0.205342904,20,-0.92509234,0,80,34,0.122115642
478,5,7,0.043281972,0.569780588,0.666498423,0,0.205342904,20,-0.92509234,0,80,34,0.122115642
479,5,10,0.045899976,0.569780588,0.666498423,1.5,2.180000067,20,-2.840498924,2,80,34,0.652823567
480,5,10,0.045899976,0.569780588,0.666498423,1.5,2.180000067,20,-2.840498924,2,80,34,0.652823567
481,5,16,0.117815599,0.568559825,0.664635301,1.5,-2.599999905,20,3.864645243,3,60,34,1.648947716
482,5,14,0.106284179,0.568559825,0.664635301,0,-2.170000076,18,7.158910751,9,60,34,1.563615918
483,5,14,0.106284179,0.568559825,0.664635301,0,-2.170000076,18,7.158910751,9,60,34,1.563615918
484,5,9,-0.01267907,0.563371658,0.646917284,2,3.410000086,5,2.026927948,12,60,24,0.840266347
485,5,9,-0.01267907,0.563371658,0.646917284,2,3.410000086,5,0.279762864,12,60,24,0.668057323
486,5,16,0.006284376,0.563371658,0.646917284,0,-1.590000033,5,-1.553334832,1,60,34,0.85507375
487,5,17,0.010202315,0.565355361,0.61688751,0,0.109790489,5,2.114723921,4,50,34,1.381439328
488,5,4,0.005246203,0.57039094,0.804023981,2,45.65000153,34,-0.473143756,8,95,24,1.014388561
489,5,5,0.007562751,0.57039094,0.804023981,2,34.72000122,33,1.82804966,9,95,24,0.812947452
490,5,1,0.007124087,0.57039094,0.804023981,2,51.97000122,33,6.913572311,6,95,24,0.386863977
491,5,8,0.028988251,0.57039094,0.804023981,2,38.36000061,34,1.958066225,3,95,24,0.382473856
492,5,-0.012270868,0.006765077,0.571916878,0.791005075,2,-78.40344238,34,-0.759023786,13,80,24,0.009410113
493,5,0.005640328,0.012496769,0.57039094,0.804023981,2,-87.30999756,34,-0.837123752,12,80,24,0.008878184
494,5,0.005640328,0.012496769,0.57039094,0.804023981,2,-87.30999756,34,-0.837123752,12,80,24,0.008878184
495,5,0.072533727,0.015650142,0.571916878,0.791005075,2,-73.33722687,34,-0.896525383,15,80,24,0.003637485
496,5,0.072533727,0.015650142,0.571916878,0.791005075,2,-73.33722687,34,-0.896525383,15,80,24,0.003637485
497,5,1,0.014224997,0.569170177,0.606152236,2,24.65485001,34,1.589456677,14,95,24,0.661454022
498,5,1,0.014224997,0.569170177,0.606152236,2,24.65485001,34,1.589456677,14,95,24,0.661454022
499,5,-0.139277697,0.024640165,0.569170177,0.606152236,2,42.79769135,34,2.957591057,6,95,24,1.56602931
500,5,-0.139277697,0.024640165,0.569170177,0.606152236,2,42.79769135,34,2.957591057,6,95,24,1.56602931
501,5,8,0.042436775,0.569170177,0.606152236,0,44.37805939,34,0.007894725,3,95,41,0.794316292
502,5,8,0.042436775,0.569170177,0.606152236,0,44.37805939,34,0.007894725,3,95,41,0.794316292
503,5,5,0.011374142,0.569170177,0.606152236,0,43.12903976,34,0.17419298,12,95,34,0.707530856
504,5,0.007161409,0.028731888,0.571001291,0.399999976,0,-37.19316864,34,1.335959792,15,80,24,0.058262791
505,5,3,-0.019128516,0.569780588,0.536568522,0,-16.56045341,5,-2.827208042,16,80,24,0.131292731
506,5,-0.084468633,-0.023864251,0.569170177,0.519999981,1.5,159.9600067,5,-2.819408178,14,80,34,0.000183477
507,5,0.001330525,-0.008721292,0.569170177,0.519999981,1.5,97.06999969,5,-2.8122859,14,80,33,0.000180751
508,5,8,-0.023022357,0.578020573,0.722426414,0,-18.43000031,5,-0.483595401,13,80,34,2.277999878
509,5,6,-0.025564915,0.578020573,0.722426414,0,-1.495498538,5,-0.89285785,12,80,34,0.434056461
510,5,6,-0.025564915,0.578020573,0.722426414,0,-1.495498538,5,-0.89285785,12,80,34,0.434056461
511,5,-0.482760549,-0.034202833,0.571916878,0.572426379,0,-11.65999985,5,-2.833138704,13,80,24,0.0002425
512,5,-0.482760549,-0.034202833,0.571916878,0.572426379,0,-11.65999985,5,-2.833138704,13,80,24,0.0002425
513,5,-0.243727565,-0.020972898,0.571916878,0.572426379,1.5,-0.140000001,5,-2.8481493,11,80,34,0.000183487
514,5,-0.243727565,-0.020972898,0.571916878,0.572426379,1.5,-0.140000001,5,-2.8481493,11,80,34,0.000183487
515,5,10,-0.046101227,0.573442817,0.598284245,1.5,36.36548233,5,-2.862709761,14,80,34,0.00062648
516,5,-0.00080654,-0.03218646,0.573442817,0.598284245,1.5,26.72236824,5,-2.86766839,14,80,34,0.278691351
517,5,-0.00080654,-0.03218646,0.573442817,0.598284245,1.5,26.72236824,5,-2.86766839,14,80,34,0.278691351
518,5,-2.282365799,-0.01628923,0.574358344,0.630710661,0,-1.919999957,5,-2.924149275,11,80,24,0.000356191
519,5,-2.282365799,-0.01628923,0.574358344,0.630710661,0,-1.919999957,5,-2.924149275,11,80,24,0.000356191
520,5,9,-0.046519507,0.574968696,0.676568508,1.5,0.407103479,5,-2.931396723,10,60,34,0.00018069
521,5,9,-0.046519507,0.574968696,0.676568508,1.5,0.407103479,5,-2.931396723,10,60,34,0.00018069
522,5,-1.550831795,-0.06927298,0.574968696,0.676568508,0,-4.560088158,5,-2.937702417,11,60,34,0.000180598
523,5,-1.550831795,-0.06927298,0.574968696,0.676568508,0,-4.560088158,5,-2.937702417,11,40,34,0.000179764
524,5,7,-0.049752109,0.574968696,0.676568508,0,7.405231953,5,1.815569162,6,40,34,0.574481487
525,5,7,-0.049752109,0.574968696,0.676568508,0,7.405231953,5,1.815569162,6,40,34,0.574481487
526,5,-2.114121914,-0.056287754,0.574968696,0.676568508,1.5,-0.620000005,5,-2.958117008,15,80,34,0.000181087
527,5,-1.361742735,-0.024666216,0.575273931,0.708284259,1.5,-0.949999988,5,-2.962976456,12,80,34,0.001755904
528,5,-1.361742735,-0.024666216,0.575273931,0.708284259,1.5,-0.949999988,5,-2.962976456,12,80,34,0.001755904
529,5,5,-0.013717333,0.575884283,0.719999969,1.5,-0.396579325,5,-0.723583937,13,60,34,0.564350665
530,5,7,-0.009540783,0.576189458,0.703431427,1.5,0.797073305,5,-3.026451826,3,40,24,0.00809374
531,5,7,-0.009540783,0.576189458,0.703431427,1.5,0.797073305,5,-3.026451826,3,40,24,0.00809374
532,5,-2.389625549,0.013501361,0.576189458,0.703431427,0,0.050000001,5,-3.038024426,6,80,34,0.146266282
533,5,7,0.013501361,0.576189458,0.703431427,0,0.050000001,5,-3.038024426,6,80,34,0.146266282
534,5,4,0.031497665,0.576189458,0.684142113,1.5,0.460000008,5,-3.012046337,9,80,34,0.095076039
535,5,4,0.031497665,0.576189458,0.684142113,1.5,0.460000008,5,-3.012046337,9,80,34,0.095076039
536,5,-1.07766366,-0.027682912,0.576189458,0.684142113,1.5,-15.17000008,5,-3.063914537,14,80,34,0.389295191
537,5,-1.07766366,-0.027682912,0.576189458,0.684142113,1.5,-15.17000008,5,-3.063914537,14,80,34,0.389295191
538,5,-0.012910545,-0.034246467,0.57679981,0.680000007,0,16.78000069,5,-0.252615154,15,80,24,0.095919915
539,5,0.118483961,-0.037382808,0.576189458,0.684142113,0,-7.139999866,5,0.297943413,15,80,24,0.001934687
540,5,0.118483961,-0.037382808,0.576189458,0.684142113,0,-7.139999866,5,0.297943413,15,80,24,0.001934687
541,5,-2.213435173,-0.027128523,0.577104986,0.698284268,0,-21.17000008,5,-0.322056592,14,80,34,0.00192528
542,5,-1.196389675,-0.005592493,0.577104986,0.698284268,1.5,2.569999933,5,-0.3722215,14,80,34,0.000982334
543,5,-1.196389675,-0.008308652,0.577104986,0.698284268,1.5,2.569999933,5,-0.3722215,14,80,34,0.000982334
544,5,4,-0.047330137,0.577104986,0.698284268,0,2.499458075,5,-0.404069632,13,80,34,0.000982335
545,5,4,-0.047330137,0.577104986,0.698284268,0,2.499458075,5,-0.404069632,13,80,34,0.000982335
546,5,-1.74495554,-0.00312483,0.577104986,0.698284268,0,1.129999995,5,2.030795097,11,10,34,0.821088672
547,5,-0.250770986,0.015282783,0.591448724,0.629999995,0,-3.450333834,5,-7.34E-08,11,60,24,2.44E-08
548,5,-0.064675152,-0.019335847,0.59389019,0.620240271,0,6.949999809,5,0.239989787,10,80,34,0.045228016
549,5,-0.064675152,-0.019335847,0.59389019,0.620240271,0,6.949999809,5,0.239989787,10,80,34,0.045228016
550,5,8,0.013806997,0.59389019,0.620240271,1,-3.220000029,5,8.58E-09,8,95,24,0.212260172
551,5,8,0.013806997,0.59389019,0.620240271,1,4.374994755,5,8.58E-09,8,95,24,0.212260172
552,5,10,0.01562696,0.593585014,0.602416098,1,46.92595291,5,4.38E-08,12,60,34,0.028516365
553,5,0.002187535,-0.002665318,0.593585014,0.602416098,0,75.06951904,5,2.968712091,8,95,24,0.12421035
554,5,0.002187535,-0.002665318,0.593585014,0.602416098,0,75.06951904,5,2.968712091,9,95,24,0.12421035
555,5,0.79365027,0.003002753,0.589922786,0.709999979,1,47.72000122,5,-0.625914335,11,80,24,0.000982319
556,5,0.79365027,0.003002753,0.589922786,0.709999979,1,48.20999908,5,-0.625914335,11,80,24,0.000982319
557,5,8,-0.003228362,0.593585014,0.602416098,0,23.87161064,5,-0.630510449,6,95,24,0.779380739
558,5,5,0.004860629,0.593585014,0.602416098,0,17.65999985,5,-0.573039114,8,95,24,0.001924076
559,5,0.000308037,-0.003540781,0.593585014,0.602416098,1,-52.78321838,5,1.896906376,11,80,24,0.979546785
560,5,0.000308037,-0.003540781,0.593585014,0.602416098,1,-52.78321838,5,1.896906376,11,80,24,0.979546785
561,5,-0.017639577,0.026020169,0.593585014,0.602416098,1,-103.0179749,5,-0.581210673,13,80,24,0.04214929
562,5,-0.075579345,0.015616435,0.593585014,0.602416098,1,-14.8922987,5,-0.537047744,12,80,32,0.001924076
563,5,-0.075579345,0.015616435,0.593585014,0.602416098,1,-14.8922987,5,-0.537047744,12,80,32,0.001924076
564,5,0.049028695,0.021101162,0.589922786,0.589999974,1,-13.82999992,5,-0.476163179,13,80,24,0.001002908
565,5,13,-0.006756735,0.5917539,0.634677529,1,-7.079999924,5,-0.427978665,10,80,34,0.000982311
566,5,10,0.020463813,0.5917539,0.634677529,0,-6.260000229,5,-0.378645092,10,80,34,0.000982316
567,5,0.026195794,0.022874925,0.5917539,0.634677529,1,2.25999999,5,-0.353116572,8,80,34,0.000982207
568,5,7,0.02521272,0.567644298,0.483099848,1.5,0.720000029,5,-0.834768116,4,60,34,0.02932795
569,5,7,0.02521272,0.567644298,0.483099848,1.5,0.720000029,5,-0.834768116,4,60,34,0.02932795
570,5,-2.113199234,0.061144635,0.567339063,0.519836843,1.5,-25.87000084,5,-0.691612303,6,80,34,0.001620203
571,5,-2.113199234,0.061144635,0.567339063,0.519836843,1.5,-18.11000061,5,-0.691612303,6,80,34,0.001620203
572,5,-1.402759314,-0.048835289,0.574358344,0.630710661,1.5,-3.640000105,5,-2.9063375,15,80,34,0.000180735
573,5,-1.402759314,-0.048835289,0.574358344,0.630710661,1.5,-3.640000105,5,-2.9063375,15,80,34,0.000180735
574,5,0.060776852,-0.047275126,0.573442817,0.610000014,0,43.91207123,5,-2.898619175,14,80,24,0.128336743
575,5,0.060776852,-0.047275126,0.573442817,0.610000014,0,43.91207123,5,-2.898619175,14,80,24,0.128336743
576,5,-0.045162946,-0.009630818,0.57252723,0.589999974,0,-26.67000008,5,-2.880898476,13,80,34,0.00018072
577,5,-0.045162946,-0.009630818,0.57252723,0.589999974,0,-26.67000008,5,-2.880898476,13,80,34,0.00018072
578,5,0.022101939,-0.044179037,0.573442817,0.598284245,1.5,-12.13679504,5,-2.874435902,14,80,34,0.038389701
579,5,9,-0.040261753,0.575273931,0.708284259,1.5,1.788531542,5,-2.865252972,8,80,34,1.207350373
580,5,3,0.018183235,0.591448724,0.629999995,1.5,-2.099999905,5,-1.05E-09,13,60,24,0.002047839
581,5,3,0.018183235,0.591448724,0.629999995,1.5,-2.099999905,5,-1.05E-09,13,60,24,0.002047839
582,5,10,0.025201457,0.567644298,0.483099848,1.5,-1.600000024,5,-0.788111329,3,80,34,0.000937422
